Unnamed: 0.1,Unnamed: 0,Time_x,LapNumber,PitOutTime,PitInTime,SpeedFL,SpeedST,TyreLife,LapStartTime,TrackStatus,Position,AirTemp,Humidity,Pressure,Rainfall,TrackTemp,WindDirection,WindSpeed,TimeStamp_y,Name,CircuitLength,Number of Laps,Slick,Wet,Inter,LapTime_sec,GapToLeader,GapToAhead,GapToBehind,status_1,status_2,status_4,status_6,status_12,status_14,status_16,status_21,status_24,status_26,status_41,status_67,status_71,status_124,status_126,status_167,status_671,status_712,status_6712,Driver_idx,Team_idx,TimeSinceLastWeatherMeasurement
4,4,0 days 01:23:30.835000,5.0,0 days 01:21:09.534000,NO_PIT,237.0,194.0,5.0,0 days 01:21:07.226000,4,2.0,15.4,73.0,1009.4,False,18.9,282,4.3,0 days 01:00:08.096000,Melbourne,5.303,58,0.0,0.0,1.0,143.609,9.133000000000038,9.133000000000038,5.206000000000017,0,0,1,0,0,0,0,0,0,0,0,0,0,0,0,0,0,0,0,0,0,0 days 00:23:22.739000
5,5,0 days 01:25:50.489000,6.0,NO_PIT,NO_PIT,208.0,127.0,6.0,0 days 01:23:30.835000,4,2.0,15.4,73.0,1009.4,False,18.9,282,4.3,0 days 01:00:08.096000,Melbourne,5.303,58,0.0,0.0,1.0,139.654,8.364000000000033,8.364000000000033,5.4249999999999545,0,0,1,0,0,0,0,0,0,0,0,0,0,0,0,0,0,0,0,0,0,0 days 00:25:42.393000
34,34,0 days 02:11:45.631000,35.0,0 days 02:09:43.218000,NO_PIT,253.0,177.0,1.0,0 days 02:09:41.123000,4,3.0,15.7,77.0,1010.2,False,19.1,229,2.5,0 days 02:00:08.483000,Melbourne,5.303,58,4.0,0.0,0.0,124.508,33.07200000000012,13.340999999999894,39.29600000000028,0,0,1,0,0,0,0,0,0,0,0,0,0,0,0,0,0,0,0,0,0,0 days 00:11:37.148000
47,47,0 days 02:37:09.211000,48.0,NO_PIT,NO_PIT,168.0,192.0,48.0,0 days 02:35:06.805000,4,2.0,15.7,77.0,1010.2,False,19.1,229,2.5,0 days 02:00:08.483000,Melbourne,5.303,58,0.0,0.0,1.0,122.406,5.899999999999636,5.899999999999636,16.976000000000568,0,0,1,0,0,0,0,0,0,0,0,0,0,0,0,0,0,0,0,0,0,0 days 00:37:00.728000
48,48,0 days 02:39:34.103000,49.0,NO_PIT,NO_PIT,249.0,181.0,49.0,0 days 02:37:09.211000,4,2.0,15.7,77.0,1010.2,False,19.1,229,2.5,0 days 02:00:08.483000,Melbourne,5.303,58,0.0,0.0,1.0,144.892,50.35199999999986,50.35199999999986,16.2470000000003,0,0,1,0,0,0,0,0,0,0,0,0,0,0,0,0,0,0,0,0,0,0 days 00:39:25.620000
49,49,0 days 02:41:56.188000,50.0,NO_PIT,NO_PIT,252.0,127.0,50.0,0 days 02:39:34.103000,4,2.0,15.7,77.0,1010.2,False,19.1,229,2.5,0 days 02:00:08.483000,Melbourne,5.303,58,0.0,0.0,1.0,142.085,68.70499999999993,68.70499999999993,16.467000000000553,0,0,1,0,0,0,0,0,0,0,0,0,0,0,0,0,0,0,0,0,0,0 days 00:41:47.705000
61,61,0 days 01:23:44.875000,5.0,0 days 01:21:27.130000,NO_PIT,198.0,204.0,5.0,0 days 01:21:23.515000,4,9.0,15.4,73.0,1009.4,False,18.9,282,4.3,0 days 01:00:08.096000,Melbourne,5.303,58,0.0,0.0,1.0,141.36,65.84400000000005,4.583999999999946,13.004999999999995,0,0,1,0,0,0,0,0,0,0,0,0,0,0,0,0,0,0,0,1,1,0 days 00:23:36.779000
62,62,0 days 01:26:04.827000,6.0,NO_PIT,NO_PIT,217.0,222.0,6.0,0 days 01:23:44.875000,4,9.0,15.4,73.0,1009.4,False,18.9,282,4.3,0 days 01:00:08.096000,Melbourne,5.303,58,0.0,0.0,1.0,139.952,65.37300000000005,4.118000000000052,12.545999999999935,0,0,1,0,0,0,0,0,0,0,0,0,0,0,0,0,0,0,0,1,1,0 days 00:25:56.731000
90,90,0 days 02:11:00.474000,34.0,0 days 02:08:37.599000,NO_PIT,268.0,162.0,1.0,0 days 02:08:35.425000,4,9.0,15.7,77.0,1010.2,False,19.1,229,2.5,0 days 02:00:08.483000,Melbourne,5.303,58,3.0,0.0,0.0,145.049,154.0340000000001,3.8830000000002656,22.688000000000105,0,0,1,0,0,0,0,0,0,0,0,0,0,0,0,0,0,0,0,1,1,0 days 00:10:51.991000
91,91,0 days 02:12:46.005000,35.0,NO_PIT,NO_PIT,271.0,237.0,2.0,0 days 02:11:00.474000,4,9.0,15.7,77.0,1010.2,False,19.1,229,2.5,0 days 02:00:08.483000,Melbourne,5.303,58,3.0,0.0,0.0,105.531,136.1170000000002,6.01299999999992,22.619000000000145,0,0,1,0,0,0,0,0,0,0,0,0,0,0,0,0,0,0,0,1,1,0 days 00:12:37.522000
92,92,0 days 02:14:27.625000,36.0,NO_PIT,NO_PIT,270.0,280.0,3.0,0 days 02:12:46.005000,4,9.0,15.7,77.0,1010.2,False,19.1,229,2.5,0 days 02:00:08.483000,Melbourne,5.303,58,3.0,0.0,0.0,101.62,100.8539999999998,5.201999999999771,20.84900000000016,0,0,1,0,0,0,0,0,0,0,0,0,0,0,0,0,0,0,0,1,1,0 days 00:14:19.142000
93,93,0 days 02:16:34.843000,37.0,NO_PIT,NO_PIT,213.0,270.0,4.0,0 days 02:14:27.625000,4,9.0,15.7,77.0,1010.2,False,19.1,229,2.5,0 days 02:00:08.483000,Melbourne,5.303,58,3.0,0.0,0.0,127.218,99.21500000000016,4.341000000000349,19.93199999999979,0,0,1,0,0,0,0,0,0,0,0,0,0,0,0,0,0,0,0,1,1,0 days 00:16:26.360000
94,94,0 days 02:18:54.219000,38.0,NO_PIT,NO_PIT,222.0,258.0,5.0,0 days 02:16:34.843000,4,9.0,15.7,77.0,1010.2,False,19.1,229,2.5,0 days 02:00:08.483000,Melbourne,5.303,58,3.0,0.0,0.0,139.376,100.68100000000004,5.302000000000135,20.626000000000204,0,0,1,0,0,0,0,0,0,0,0,0,0,0,0,0,0,0,0,1,1,0 days 00:18:45.736000
95,95,0 days 02:21:05.445000,39.0,NO_PIT,NO_PIT,229.0,258.0,6.0,0 days 02:18:54.219000,4,9.0,15.7,77.0,1010.2,False,19.1,229,2.5,0 days 02:00:08.483000,Melbourne,5.303,58,3.0,0.0,0.0,131.226,99.19299999999976,4.4429999999993015,21.300000000000185,0,0,1,0,0,0,0,0,0,0,0,0,0,0,0,0,0,0,0,1,1,0 days 00:20:56.962000
96,96,0 days 02:23:15.921000,40.0,NO_PIT,NO_PIT,249.0,262.0,7.0,0 days 02:21:05.445000,4,9.0,15.7,77.0,1010.2,False,19.1,229,2.5,0 days 02:00:08.483000,Melbourne,5.303,58,3.0,0.0,0.0,130.476,98.17100000000028,3.511999999999716,20.72400000000016,0,0,1,0,0,0,0,0,0,0,0,0,0,0,0,0,0,0,0,1,1,0 days 00:23:07.438000
104,104,0 days 02:37:21.146000,48.0,NO_PIT,NO_PIT,180.0,185.0,48.0,0 days 02:35:19.361000,4,9.0,15.7,77.0,1010.2,False,19.1,229,2.5,0 days 02:00:08.483000,Melbourne,5.303,58,0.0,0.0,1.0,121.785,107.0059999999994,12.628999999999904,11.769000000000233,0,0,1,0,0,0,0,0,0,0,0,0,0,0,0,0,0,0,0,1,1,0 days 00:37:12.663000
105,105,0 days 02:39:45.815000,49.0,NO_PIT,NO_PIT,231.0,204.0,49.0,0 days 02:37:21.146000,4,9.0,15.7,77.0,1010.2,False,19.1,229,2.5,0 days 02:00:08.483000,Melbourne,5.303,58,0.0,0.0,1.0,144.669,151.23500000000058,12.636000000000422,12.222999999999956,0,0,1,0,0,0,0,0,0,0,0,0,0,0,0,0,0,0,0,1,1,0 days 00:39:37.332000
106,106,0 days 02:42:03.569000,50.0,NO_PIT,NO_PIT,263.0,223.0,50.0,0 days 02:39:45.815000,4,9.0,15.7,77.0,1010.2,False,19.1,229,2.5,0 days 02:00:08.483000,Melbourne,5.303,58,0.0,0.0,1.0,137.754,165.25700000000052,8.908000000000357,7.6299999999992,0,0,1,0,0,0,0,0,0,0,0,0,0,0,0,0,0,0,0,1,1,0 days 00:41:55.086000
118,118,0 days 01:23:51.260000,5.0,0 days 01:21:35.283000,NO_PIT,193.0,187.0,5.0,0 days 01:21:32.097000,4,13.0,15.4,73.0,1009.4,False,18.9,282,4.3,0 days 01:00:08.096000,Melbourne,5.303,58,0.0,0.0,1.0,139.163,96.52700000000004,4.629000000000019,5.033000000000016,0,0,1,0,0,0,0,0,0,0,0,0,0,0,0,0,0,0,0,2,2,0 days 00:23:43.164000
119,119,0 days 01:26:12.371000,6.0,NO_PIT,NO_PIT,232.0,201.0,6.0,0 days 01:23:51.260000,4,13.0,15.4,73.0,1009.4,False,18.9,282,4.3,0 days 01:00:08.096000,Melbourne,5.303,58,0.0,0.0,1.0,141.111,97.21500000000005,4.629000000000019,4.908000000000016,0,0,1,0,0,0,0,0,0,0,0,0,0,0,0,0,0,0,0,2,2,0 days 00:26:04.275000
147,147,0 days 02:11:02.428000,34.0,0 days 02:08:42.155000,NO_PIT,279.0,175.0,1.0,0 days 02:08:39.832000,4,11.0,15.7,77.0,1010.2,False,19.1,229,2.5,0 days 02:00:08.483000,Melbourne,5.303,58,3.0,0.0,0.0,142.596,180.2860000000001,3.563999999999851,11.253000000000156,0,0,1,0,0,0,0,0,0,0,0,0,0,0,0,0,0,0,0,2,2,0 days 00:10:53.945000
148,148,0 days 02:12:47.098000,35.0,NO_PIT,NO_PIT,285.0,263.0,2.0,0 days 02:11:02.428000,4,11.0,15.7,77.0,1010.2,False,19.1,229,2.5,0 days 02:00:08.483000,Melbourne,5.303,58,3.0,0.0,0.0,104.67,161.5080000000003,2.7719999999999345,10.320999999999913,0,0,1,0,0,0,0,0,0,0,0,0,0,0,0,0,0,0,0,2,2,0 days 00:12:38.615000
149,149,0 days 02:14:28.753000,36.0,NO_PIT,NO_PIT,287.0,277.0,3.0,0 days 02:12:47.098000,4,11.0,15.7,77.0,1010.2,False,19.1,229,2.5,0 days 02:00:08.483000,Melbourne,5.303,58,3.0,0.0,0.0,101.655,126.27999999999976,4.576999999999771,7.934000000000196,0,0,1,0,0,0,0,0,0,0,0,0,0,0,0,0,0,0,0,2,2,0 days 00:14:20.270000
175,175,0 days 01:23:47.410000,5.0,0 days 01:21:29.030000,NO_PIT,176.0,185.0,5.0,0 days 01:21:25.229000,4,10.0,15.4,73.0,1009.4,False,18.9,282,4.3,0 days 01:00:08.096000,Melbourne,5.303,58,0.0,0.0,1.0,142.181,78.84900000000005,13.004999999999995,7.456000000000017,0,0,1,0,0,0,0,0,0,0,0,0,0,0,0,0,0,0,0,3,3,0 days 00:23:39.314000
176,176,0 days 01:26:06.903000,6.0,NO_PIT,NO_PIT,202.0,185.0,6.0,0 days 01:23:47.410000,4,10.0,15.4,73.0,1009.4,False,18.9,282,4.3,0 days 01:00:08.096000,Melbourne,5.303,58,0.0,0.0,1.0,139.493,77.91899999999998,12.545999999999935,8.93600000000015,0,0,1,0,0,0,0,0,0,0,0,0,0,0,0,0,0,0,0,3,3,0 days 00:25:58.807000
208,208,0 days 01:23:36.865000,5.0,0 days 01:21:16.471000,NO_PIT,223.0,197.0,5.0,0 days 01:21:14.268000,4,5.0,15.4,73.0,1009.4,False,18.9,282,4.3,0 days 01:00:08.096000,Melbourne,5.303,58,0.0,0.0,1.0,142.597,44.47299999999996,16.228999999999928,7.544000000000096,0,0,1,0,0,0,0,0,0,0,0,0,0,0,0,0,0,0,0,4,4,0 days 00:23:28.769000
209,209,0 days 01:25:55.715000,6.0,NO_PIT,NO_PIT,230.0,159.0,6.0,0 days 01:23:36.865000,4,5.0,15.4,73.0,1009.4,False,18.9,282,4.3,0 days 01:00:08.096000,Melbourne,5.303,58,0.0,0.0,1.0,138.85,42.89999999999998,15.593999999999935,8.075000000000045,0,0,1,0,0,0,0,0,0,0,0,0,0,0,0,0,0,0,0,4,4,0 days 00:25:47.619000
238,238,0 days 02:12:17.929000,35.0,0 days 02:10:13.161000,NO_PIT,267.0,180.0,1.0,0 days 02:10:11.057000,4,5.0,15.7,77.0,1010.2,False,19.1,229,2.5,0 days 02:00:08.483000,Melbourne,5.303,58,3.0,0.0,0.0,126.872,94.68000000000028,22.31199999999989,26.759999999999764,0,0,1,0,0,0,0,0,0,0,0,0,0,0,0,0,0,0,0,4,4,0 days 00:12:09.446000
239,239,0 days 02:14:00.335000,36.0,NO_PIT,NO_PIT,256.0,265.0,2.0,0 days 02:12:17.929000,4,5.0,15.7,77.0,1010.2,False,19.1,229,2.5,0 days 02:00:08.483000,Melbourne,5.303,58,3.0,0.0,0.0,102.406,60.202999999999975,19.81199999999989,23.7199999999998,0,0,1,0,0,0,0,0,0,0,0,0,0,0,0,0,0,0,0,4,4,0 days 00:13:51.852000
240,240,0 days 02:16:28.558000,37.0,NO_PIT,NO_PIT,224.0,269.0,3.0,0 days 02:14:00.335000,4,5.0,15.7,77.0,1010.2,False,19.1,229,2.5,0 days 02:00:08.483000,Melbourne,5.303,58,3.0,0.0,0.0,148.223,79.56899999999996,63.12899999999991,7.237999999999829,0,0,1,0,0,0,0,0,0,0,0,0,0,0,0,0,0,0,0,4,4,0 days 00:16:20.075000
241,241,0 days 02:18:48.033000,38.0,NO_PIT,NO_PIT,222.0,241.0,4.0,0 days 02:16:28.558000,4,5.0,15.7,77.0,1010.2,False,19.1,229,2.5,0 days 02:00:08.483000,Melbourne,5.303,58,3.0,0.0,0.0,139.475,81.13400000000001,63.73700000000008,6.994000000000142,0,0,1,0,0,0,0,0,0,0,0,0,0,0,0,0,0,0,0,4,4,0 days 00:18:39.550000
242,242,0 days 02:20:59.756000,39.0,NO_PIT,NO_PIT,227.0,251.0,5.0,0 days 02:18:48.033000,4,5.0,15.7,77.0,1010.2,False,19.1,229,2.5,0 days 02:00:08.483000,Melbourne,5.303,58,3.0,0.0,0.0,131.723,80.14300000000048,61.68000000000029,7.250999999999294,0,0,1,0,0,0,0,0,0,0,0,0,0,0,0,0,0,0,0,4,4,0 days 00:20:51.273000
243,243,0 days 02:23:11.741000,40.0,NO_PIT,NO_PIT,230.0,225.0,6.0,0 days 02:20:59.756000,4,5.0,15.7,77.0,1010.2,False,19.1,229,2.5,0 days 02:00:08.483000,Melbourne,5.303,58,3.0,0.0,0.0,131.985,80.63000000000011,60.64900000000034,7.095000000000255,0,0,1,0,0,0,0,0,0,0,0,0,0,0,0,0,0,0,0,4,4,0 days 00:23:03.258000
251,251,0 days 02:37:25.259000,48.0,0 days 02:35:31.368000,NO_PIT,239.0,208.0,48.0,0 days 02:35:29.215000,4,5.0,15.7,77.0,1010.2,False,19.1,229,2.5,0 days 02:00:08.483000,Melbourne,5.303,58,0.0,0.0,1.0,116.044,41.70499999999993,17.954999999999927,10.042999999999664,0,0,1,0,0,0,0,0,0,0,0,0,0,0,0,0,0,0,0,4,4,0 days 00:37:16.776000
252,252,0 days 02:39:48.036000,49.0,NO_PIT,NO_PIT,237.0,168.0,49.0,0 days 02:37:25.259000,4,5.0,15.7,77.0,1010.2,False,19.1,229,2.5,0 days 02:00:08.483000,Melbourne,5.303,58,0.0,0.0,1.0,142.777,84.04200000000037,15.753000000000611,10.759999999999309,0,0,1,0,0,0,0,0,0,0,0,0,0,0,0,0,0,0,0,4,4,0 days 00:39:39.553000
253,253,0 days 02:42:07.818000,50.0,NO_PIT,NO_PIT,259.0,188.0,50.0,0 days 02:39:48.036000,4,5.0,15.7,77.0,1010.2,False,19.1,229,2.5,0 days 02:00:08.483000,Melbourne,5.303,58,0.0,0.0,1.0,139.782,100.09200000000055,13.140000000000327,9.153999999999542,0,0,1,0,0,0,0,0,0,0,0,0,0,0,0,0,0,0,0,4,4,0 days 00:41:59.335000
265,265,0 days 01:23:48.776000,5.0,0 days 01:21:31.574000,NO_PIT,144.0,166.0,5.0,0 days 01:21:28.367000,4,11.0,15.4,73.0,1009.4,False,18.9,282,4.3,0 days 01:00:08.096000,Melbourne,5.303,58,0.0,0.0,1.0,140.409,86.30500000000006,7.456000000000017,5.592999999999961,0,0,1,0,0,0,0,0,0,0,0,0,0,0,0,0,0,0,0,5,3,0 days 00:23:40.680000
266,266,0 days 01:26:09.749000,6.0,NO_PIT,NO_PIT,200.0,199.0,6.0,0 days 01:23:48.776000,4,11.0,15.4,73.0,1009.4,False,18.9,282,4.3,0 days 01:00:08.096000,Melbourne,5.303,58,0.0,0.0,1.0,140.973,86.85500000000013,8.93600000000015,5.730999999999881,0,0,1,0,0,0,0,0,0,0,0,0,0,0,0,0,0,0,0,5,3,0 days 00:26:01.653000
294,294,0 days 02:11:06.602000,34.0,0 days 02:09:03.663000,NO_PIT,276.0,162.0,1.0,0 days 02:09:01.609000,4,10.0,15.7,77.0,1010.2,False,19.1,229,2.5,0 days 02:00:08.483000,Melbourne,5.303,58,3.0,0.0,0.0,124.993,176.7220000000002,22.688000000000105,3.563999999999851,0,0,1,0,0,0,0,0,0,0,0,0,0,0,0,0,0,0,0,5,3,0 days 00:10:58.119000
295,295,0 days 02:12:52.064000,35.0,NO_PIT,NO_PIT,283.0,219.0,2.0,0 days 02:11:06.602000,4,10.0,15.7,77.0,1010.2,False,19.1,229,2.5,0 days 02:00:08.483000,Melbourne,5.303,58,3.0,0.0,0.0,105.462,158.73600000000033,22.619000000000145,2.7719999999999345,0,0,1,0,0,0,0,0,0,0,0,0,0,0,0,0,0,0,0,5,3,0 days 00:12:43.581000
296,296,0 days 02:14:31.914000,36.0,NO_PIT,NO_PIT,284.0,262.0,3.0,0 days 02:12:52.064000,4,10.0,15.7,77.0,1010.2,False,19.1,229,2.5,0 days 02:00:08.483000,Melbourne,5.303,58,3.0,0.0,0.0,99.85,121.70299999999996,20.84900000000016,4.576999999999771,0,0,1,0,0,0,0,0,0,0,0,0,0,0,0,0,0,0,0,5,3,0 days 00:14:23.431000
297,297,0 days 02:16:38.215000,37.0,NO_PIT,NO_PIT,220.0,285.0,4.0,0 days 02:14:31.914000,4,10.0,15.7,77.0,1010.2,False,19.1,229,2.5,0 days 02:00:08.483000,Melbourne,5.303,58,3.0,0.0,0.0,126.301,119.14699999999992,19.93199999999979,5.574000000000069,0,0,1,0,0,0,0,0,0,0,0,0,0,0,0,0,0,0,0,5,3,0 days 00:16:29.732000
298,298,0 days 02:18:58.285000,38.0,NO_PIT,NO_PIT,237.0,250.0,5.0,0 days 02:16:38.215000,4,10.0,15.7,77.0,1010.2,False,19.1,229,2.5,0 days 02:00:08.483000,Melbourne,5.303,58,3.0,0.0,0.0,140.07,121.30700000000024,20.626000000000204,5.184999999999945,0,0,1,0,0,0,0,0,0,0,0,0,0,0,0,0,0,0,0,5,3,0 days 00:18:49.802000
299,299,0 days 02:21:10.185000,39.0,NO_PIT,NO_PIT,244.0,242.0,6.0,0 days 02:18:58.285000,4,10.0,15.7,77.0,1010.2,False,19.1,229,2.5,0 days 02:00:08.483000,Melbourne,5.303,58,3.0,0.0,0.0,131.9,120.49299999999994,21.300000000000185,4.927000000000589,0,0,1,0,0,0,0,0,0,0,0,0,0,0,0,0,0,0,0,5,3,0 days 00:21:01.702000
300,300,0 days 02:23:20.085000,40.0,NO_PIT,NO_PIT,256.0,274.0,7.0,0 days 02:21:10.185000,4,10.0,15.7,77.0,1010.2,False,19.1,229,2.5,0 days 02:00:08.483000,Melbourne,5.303,58,3.0,0.0,0.0,129.9,118.89500000000044,20.72400000000016,4.641999999999825,0,0,1,0,0,0,0,0,0,0,0,0,0,0,0,0,0,0,0,5,3,0 days 00:23:11.602000
308,308,0 days 02:37:16.355000,48.0,NO_PIT,NO_PIT,204.0,172.0,48.0,0 days 02:35:17.058000,4,10.0,15.7,77.0,1010.2,False,19.1,229,2.5,0 days 02:00:08.483000,Melbourne,5.303,58,0.0,0.0,1.0,119.297,118.77499999999964,11.769000000000233,5.826000000000022,0,0,1,0,0,0,0,0,0,0,0,0,0,0,0,0,0,0,0,5,3,0 days 00:37:07.872000
309,309,0 days 02:39:41.478000,49.0,NO_PIT,NO_PIT,219.0,145.0,49.0,0 days 02:37:16.355000,4,10.0,15.7,77.0,1010.2,False,19.1,229,2.5,0 days 02:00:08.483000,Melbourne,5.303,58,0.0,0.0,1.0,145.123,163.45800000000054,12.222999999999956,5.666999999999462,0,0,1,0,0,0,0,0,0,0,0,0,0,0,0,0,0,0,0,5,3,0 days 00:39:32.995000
310,310,0 days 02:42:01.048000,50.0,NO_PIT,NO_PIT,265.0,170.0,50.0,0 days 02:39:41.478000,4,11.0,15.7,77.0,1010.2,False,19.1,229,2.5,0 days 02:00:08.483000,Melbourne,5.303,58,0.0,0.0,1.0,139.57,179.29600000000028,6.40900000000056,5.893000000000029,0,0,1,0,0,0,0,0,0,0,0,0,0,0,0,0,0,0,0,5,3,0 days 00:41:52.565000
322,322,0 days 01:23:39.022000,5.0,0 days 01:21:19.691000,NO_PIT,197.0,187.0,5.0,0 days 01:21:17.581000,4,6.0,15.4,73.0,1009.4,False,18.9,282,4.3,0 days 01:00:08.096000,Melbourne,5.303,58,0.0,0.0,1.0,141.441,52.01700000000005,7.544000000000096,6.802999999999997,0,0,1,0,0,0,0,0,0,0,0,0,0,0,0,0,0,0,0,6,5,0 days 00:23:30.926000
323,323,0 days 01:25:58.403000,6.0,NO_PIT,NO_PIT,231.0,149.0,6.0,0 days 01:23:39.022000,4,6.0,15.4,73.0,1009.4,False,18.9,282,4.3,0 days 01:00:08.096000,Melbourne,5.303,58,0.0,0.0,1.0,139.381,50.97500000000002,8.075000000000045,7.033999999999992,0,0,1,0,0,0,0,0,0,0,0,0,0,0,0,0,0,0,0,6,5,0 days 00:25:50.307000
351,351,0 days 02:10:56.940000,34.0,0 days 02:08:32.258000,NO_PIT,258.0,119.0,1.0,0 days 02:08:30.129000,4,6.0,15.7,77.0,1010.2,False,19.1,229,2.5,0 days 02:00:08.483000,Melbourne,5.303,58,4.0,0.0,0.0,146.811,142.52599999999984,51.26999999999998,5.454000000000178,0,0,1,0,0,0,0,0,0,0,0,0,0,0,0,0,0,0,0,6,5,0 days 00:10:48.457000
352,352,0 days 02:12:39.302000,35.0,NO_PIT,NO_PIT,259.0,213.0,2.0,0 days 02:10:56.940000,4,6.0,15.7,77.0,1010.2,False,19.1,229,2.5,0 days 02:00:08.483000,Melbourne,5.303,58,4.0,0.0,0.0,102.362,121.44000000000004,26.759999999999764,6.070999999999913,0,0,1,0,0,0,0,0,0,0,0,0,0,0,0,0,0,0,0,6,5,0 days 00:12:30.819000
353,353,0 days 02:14:18.668000,36.0,NO_PIT,NO_PIT,262.0,249.0,3.0,0 days 02:12:39.302000,4,6.0,15.7,77.0,1010.2,False,19.1,229,2.5,0 days 02:00:08.483000,Melbourne,5.303,58,4.0,0.0,0.0,99.366,83.92299999999977,23.7199999999998,9.450000000000273,0,0,1,0,0,0,0,0,0,0,0,0,0,0,0,0,0,0,0,6,5,0 days 00:14:10.185000
354,354,0 days 02:16:30.409000,37.0,NO_PIT,NO_PIT,228.0,271.0,4.0,0 days 02:14:18.668000,4,6.0,15.7,77.0,1010.2,False,19.1,229,2.5,0 days 02:00:08.483000,Melbourne,5.303,58,4.0,0.0,0.0,131.741,86.80699999999979,7.237999999999829,4.994999999999891,0,0,1,0,0,0,0,0,0,0,0,0,0,0,0,0,0,0,0,6,5,0 days 00:16:21.926000
355,355,0 days 02:18:49.640000,38.0,NO_PIT,NO_PIT,222.0,212.0,5.0,0 days 02:16:30.409000,4,6.0,15.7,77.0,1010.2,False,19.1,229,2.5,0 days 02:00:08.483000,Melbourne,5.303,58,4.0,0.0,0.0,139.231,88.12800000000016,6.994000000000142,4.90099999999984,0,0,1,0,0,0,0,0,0,0,0,0,0,0,0,0,0,0,0,6,5,0 days 00:18:41.157000
356,356,0 days 02:21:01.620000,39.0,NO_PIT,NO_PIT,227.0,238.0,6.0,0 days 02:18:49.640000,4,6.0,15.7,77.0,1010.2,False,19.1,229,2.5,0 days 02:00:08.483000,Melbourne,5.303,58,4.0,0.0,0.0,131.98,87.39399999999978,7.250999999999294,4.963999999999942,0,0,1,0,0,0,0,0,0,0,0,0,0,0,0,0,0,0,0,6,5,0 days 00:20:53.137000
357,357,0 days 02:23:13.449000,40.0,NO_PIT,NO_PIT,224.0,242.0,7.0,0 days 02:21:01.620000,4,6.0,15.7,77.0,1010.2,False,19.1,229,2.5,0 days 02:00:08.483000,Melbourne,5.303,58,4.0,0.0,0.0,131.829,87.72500000000036,7.095000000000255,4.973999999999251,0,0,1,0,0,0,0,0,0,0,0,0,0,0,0,0,0,0,0,6,5,0 days 00:23:04.966000
379,379,0 days 01:23:41.639000,5.0,0 days 01:21:22.068000,NO_PIT,200.0,190.0,5.0,0 days 01:21:19.555000,4,7.0,15.4,73.0,1009.4,False,18.9,282,4.3,0 days 01:00:08.096000,Melbourne,5.303,58,0.0,0.0,1.0,142.084,58.82000000000005,6.802999999999997,2.4400000000000546,0,0,1,0,0,0,0,0,0,0,0,0,0,0,0,0,0,0,0,7,6,0 days 00:23:33.543000
380,380,0 days 01:26:01.251000,6.0,NO_PIT,NO_PIT,226.0,213.0,6.0,0 days 01:23:41.639000,4,7.0,15.4,73.0,1009.4,False,18.9,282,4.3,0 days 01:00:08.096000,Melbourne,5.303,58,0.0,0.0,1.0,139.612,58.009000000000015,7.033999999999992,3.245999999999981,0,0,1,0,0,0,0,0,0,0,0,0,0,0,0,0,0,0,0,7,6,0 days 00:25:53.155000
408,408,0 days 02:10:58.208000,34.0,0 days 02:08:32.903000,NO_PIT,279.0,116.0,1.0,0 days 02:08:30.736000,4,7.0,15.7,77.0,1010.2,False,19.1,229,2.5,0 days 02:00:08.483000,Melbourne,5.303,58,4.0,0.0,0.0,147.472,147.98000000000002,5.454000000000178,2.1709999999998217,0,0,1,0,0,0,0,0,0,0,0,0,0,0,0,0,0,0,0,7,6,0 days 00:10:49.725000
409,409,0 days 02:12:41.187000,35.0,NO_PIT,NO_PIT,286.0,217.0,2.0,0 days 02:10:58.208000,4,7.0,15.7,77.0,1010.2,False,19.1,229,2.5,0 days 02:00:08.483000,Melbourne,5.303,58,4.0,0.0,0.0,102.979,127.51099999999995,6.070999999999913,2.593000000000302,0,0,1,0,0,0,0,0,0,0,0,0,0,0,0,0,0,0,0,7,6,0 days 00:12:32.704000
410,410,0 days 02:14:23.932000,36.0,NO_PIT,NO_PIT,285.0,227.0,3.0,0 days 02:12:41.187000,4,7.0,15.7,77.0,1010.2,False,19.1,229,2.5,0 days 02:00:08.483000,Melbourne,5.303,58,4.0,0.0,0.0,102.745,93.37300000000003,9.450000000000273,2.2789999999999964,0,0,1,0,0,0,0,0,0,0,0,0,0,0,0,0,0,0,0,7,6,0 days 00:14:15.449000
411,411,0 days 02:16:31.218000,37.0,NO_PIT,NO_PIT,241.0,250.0,4.0,0 days 02:14:23.932000,4,7.0,15.7,77.0,1010.2,False,19.1,229,2.5,0 days 02:00:08.483000,Melbourne,5.303,58,4.0,0.0,0.0,127.286,91.80199999999968,4.994999999999891,3.0720000000001164,0,0,1,0,0,0,0,0,0,0,0,0,0,0,0,0,0,0,0,7,6,0 days 00:16:22.735000
412,412,0 days 02:18:50.355000,38.0,NO_PIT,NO_PIT,241.0,193.0,5.0,0 days 02:16:31.218000,4,7.0,15.7,77.0,1010.2,False,19.1,229,2.5,0 days 02:00:08.483000,Melbourne,5.303,58,4.0,0.0,0.0,139.137,93.029,4.90099999999984,2.349999999999909,0,0,1,0,0,0,0,0,0,0,0,0,0,0,0,0,0,0,0,7,6,0 days 00:18:41.872000
413,413,0 days 02:21:02.398000,39.0,NO_PIT,NO_PIT,237.0,218.0,6.0,0 days 02:18:50.355000,4,7.0,15.7,77.0,1010.2,False,19.1,229,2.5,0 days 02:00:08.483000,Melbourne,5.303,58,4.0,0.0,0.0,132.043,92.35799999999972,4.963999999999942,2.392000000000735,0,0,1,0,0,0,0,0,0,0,0,0,0,0,0,0,0,0,0,7,6,0 days 00:20:53.915000
422,422,0 days 02:37:12.305000,48.0,NO_PIT,NO_PIT,173.0,198.0,48.0,0 days 02:35:13.297000,4,8.0,15.7,77.0,1010.2,False,19.1,229,2.5,0 days 02:00:08.483000,Melbourne,5.303,58,0.0,0.0,1.0,119.008,94.3769999999995,41.698999999999614,12.628999999999904,0,0,1,0,0,0,0,0,0,0,0,0,0,0,0,0,0,0,0,7,6,0 days 00:37:03.822000
423,423,0 days 02:39:36.967000,49.0,NO_PIT,NO_PIT,254.0,129.0,49.0,0 days 02:37:12.305000,4,8.0,15.7,77.0,1010.2,False,19.1,229,2.5,0 days 02:00:08.483000,Melbourne,5.303,58,0.0,0.0,1.0,144.662,138.59900000000016,42.71600000000035,12.636000000000422,0,0,1,0,0,0,0,0,0,0,0,0,0,0,0,0,0,0,0,7,6,0 days 00:39:28.484000
424,424,0 days 02:41:58.449000,50.0,NO_PIT,NO_PIT,265.0,137.0,50.0,0 days 02:39:36.967000,4,8.0,15.7,77.0,1010.2,False,19.1,229,2.5,0 days 02:00:08.483000,Melbourne,5.303,58,0.0,0.0,1.0,141.482,156.34900000000016,45.17799999999989,8.908000000000357,0,0,1,0,0,0,0,0,0,0,0,0,0,0,0,0,0,0,0,7,6,0 days 00:41:49.966000
436,436,0 days 01:23:49.629000,5.0,0 days 01:21:33.532000,NO_PIT,170.0,180.0,5.0,0 days 01:21:30.571000,4,12.0,15.4,73.0,1009.4,False,18.9,282,4.3,0 days 01:00:08.096000,Melbourne,5.303,58,0.0,0.0,1.0,139.058,91.89800000000002,5.592999999999961,4.629000000000019,0,0,1,0,0,0,0,0,0,0,0,0,0,0,0,0,0,0,0,8,7,0 days 00:23:41.533000
437,437,0 days 01:26:10.740000,6.0,NO_PIT,NO_PIT,194.0,202.0,6.0,0 days 01:23:49.629000,4,12.0,15.4,73.0,1009.4,False,18.9,282,4.3,0 days 01:00:08.096000,Melbourne,5.303,58,0.0,0.0,1.0,141.111,92.586,5.730999999999881,4.629000000000019,0,0,1,0,0,0,0,0,0,0,0,0,0,0,0,0,0,0,0,8,7,0 days 00:26:02.644000
465,465,0 days 02:11:16.679000,34.0,0 days 02:09:14.269000,NO_PIT,248.0,160.0,1.0,0 days 02:09:12.132000,4,12.0,15.7,77.0,1010.2,False,19.1,229,2.5,0 days 02:00:08.483000,Melbourne,5.303,58,4.0,0.0,0.0,124.547,191.5390000000002,11.253000000000156,15.159999999999854,0,0,1,0,0,0,0,0,0,0,0,0,0,0,0,0,0,0,0,8,7,0 days 00:11:08.196000
466,466,0 days 02:13:00.417000,35.0,NO_PIT,NO_PIT,279.0,229.0,2.0,0 days 02:11:16.679000,4,12.0,15.7,77.0,1010.2,False,19.1,229,2.5,0 days 02:00:08.483000,Melbourne,5.303,58,4.0,0.0,0.0,103.738,171.82900000000018,10.320999999999913,43.58699999999999,0,0,1,0,0,0,0,0,0,0,0,0,0,0,0,0,0,0,0,8,7,0 days 00:12:51.934000
467,467,0 days 02:14:39.685000,36.0,NO_PIT,NO_PIT,283.0,276.0,3.0,0 days 02:13:00.417000,4,12.0,15.7,77.0,1010.2,False,19.1,229,2.5,0 days 02:00:08.483000,Melbourne,5.303,58,4.0,0.0,0.0,99.268,134.21399999999994,7.934000000000196,76.48399999999992,0,0,1,0,0,0,0,0,0,0,0,0,0,0,0,0,0,0,0,8,7,0 days 00:14:31.202000
527,527,0 days 02:22:42.866000,39.0,NO_PIT,NO_PIT,256.0,220.0,6.0,0 days 02:20:54.332000,4,14.0,15.7,77.0,1010.2,False,19.1,229,2.5,0 days 02:00:08.483000,Melbourne,5.303,58,4.0,0.0,0.0,108.534,201.23900000000003,5.649999999999636,7.248999999999796,0,0,1,0,0,0,0,0,0,0,0,0,0,0,0,0,0,0,0,9,0,0 days 00:22:34.383000
528,528,0 days 02:24:13.916000,40.0,NO_PIT,NO_PIT,284.0,266.0,7.0,0 days 02:22:42.866000,4,14.0,15.7,77.0,1010.2,False,19.1,229,2.5,0 days 02:00:08.483000,Melbourne,5.303,58,4.0,0.0,0.0,91.05,160.79100000000017,4.262000000000626,18.23399999999947,0,0,1,0,0,0,0,0,0,0,0,0,0,0,0,0,0,0,0,9,0,0 days 00:24:05.433000
572,572,0 days 02:18:37.225000,37.0,NO_PIT,NO_PIT,237.0,170.0,37.0,0 days 02:16:17.088000,4,13.0,15.7,77.0,1010.2,False,19.1,229,2.5,0 days 02:00:08.483000,Melbourne,5.303,58,0.0,0.0,1.0,140.137,221.9780000000001,96.60200000000032,2.237999999999829,0,0,1,0,0,0,0,0,0,0,0,0,0,0,0,0,0,0,0,10,8,0 days 00:18:28.742000
573,573,0 days 02:20:50.158000,38.0,NO_PIT,NO_PIT,235.0,201.0,38.0,0 days 02:18:37.225000,4,13.0,15.7,77.0,1010.2,False,19.1,229,2.5,0 days 02:00:08.483000,Melbourne,5.303,58,0.0,0.0,1.0,132.933,217.0009999999997,89.56399999999985,2.679000000000088,0,0,1,0,0,0,0,0,0,0,0,0,0,0,0,0,0,0,0,10,8,0 days 00:20:41.675000
575,575,0 days 02:24:36.394000,40.0,0 days 02:22:56.609000,NO_PIT,280.0,180.0,1.0,0 days 02:22:54.359000,4,15.0,15.7,77.0,1010.2,False,19.1,229,2.5,0 days 02:00:08.483000,Melbourne,5.303,58,4.0,0.0,0.0,102.035,179.02499999999964,18.23399999999947,24.416000000000167,0,0,1,0,0,0,0,0,0,0,0,0,0,0,0,0,0,0,0,10,8,0 days 00:24:27.911000
582,582,0 days 02:36:39.806000,47.0,0 days 02:34:34.762000,NO_PIT,274.0,190.0,47.0,0 days 02:34:32.580000,4,14.0,15.7,77.0,1010.2,False,19.1,229,2.5,0 days 02:00:08.483000,Melbourne,5.303,58,0.0,0.0,1.0,127.226,182.55299999999988,59.875,37.64300000000003,0,0,1,0,0,0,0,0,0,0,0,0,0,0,0,0,0,0,0,10,8,0 days 00:36:31.323000
583,583,0 days 02:38:26.222000,48.0,NO_PIT,NO_PIT,278.0,216.0,48.0,0 days 02:36:39.806000,4,13.0,15.7,77.0,1010.2,False,19.1,229,2.5,0 days 02:00:08.483000,Melbourne,5.303,58,0.0,0.0,1.0,106.416,172.46299999999974,47.35000000000037,76.01500000000033,0,0,1,0,0,0,0,0,0,0,0,0,0,0,0,0,0,0,0,10,8,0 days 00:38:17.739000
584,584,0 days 02:40:07.965000,49.0,NO_PIT,NO_PIT,279.0,258.0,49.0,0 days 02:38:26.222000,4,13.0,15.7,77.0,1010.2,False,19.1,229,2.5,0 days 02:00:08.483000,Melbourne,5.303,58,0.0,0.0,1.0,101.743,173.76600000000053,4.289000000000669,84.75999999999931,0,0,1,0,0,0,0,0,0,0,0,0,0,0,0,0,0,0,0,10,8,0 days 00:39:59.482000
585,585,0 days 02:42:10.818000,50.0,NO_PIT,NO_PIT,220.0,256.0,50.0,0 days 02:40:07.965000,4,10.0,15.7,77.0,1010.2,False,19.1,229,2.5,0 days 02:00:08.483000,Melbourne,5.303,58,0.0,0.0,1.0,122.853,172.88699999999972,7.6299999999992,6.40900000000056,0,0,1,0,0,0,0,0,0,0,0,0,0,0,0,0,0,0,0,10,8,0 days 00:42:02.335000
629,629,0 days 02:16:13.634000,37.0,NO_PIT,NO_PIT,134.0,246.0,3.0,0 days 02:13:36.743000,4,2.0,15.7,77.0,1010.2,False,19.1,229,2.5,0 days 02:00:08.483000,Melbourne,5.303,58,3.0,0.0,0.0,136.883,8.02599999999984,8.02599999999984,8.389000000000124,0,0,1,0,0,0,0,0,0,0,0,0,0,0,0,0,0,0,0,11,9,0 days 00:16:05.151000
630,630,0 days 02:18:34.654000,38.0,NO_PIT,NO_PIT,269.0,186.0,4.0,0 days 02:16:13.634000,4,2.0,15.7,77.0,1010.2,False,19.1,229,2.5,0 days 02:00:08.483000,Melbourne,5.303,58,3.0,0.0,0.0,141.02,11.135999999999967,11.135999999999967,5.666000000000167,0,0,1,0,0,0,0,0,0,0,0,0,0,0,0,0,0,0,0,11,9,0 days 00:18:26.171000
631,631,0 days 02:20:48.348000,39.0,NO_PIT,NO_PIT,257.0,224.0,5.0,0 days 02:18:34.654000,4,2.0,15.7,77.0,1010.2,False,19.1,229,2.5,0 days 02:00:08.483000,Melbourne,5.303,58,3.0,0.0,0.0,133.694,12.115999999999984,12.115999999999984,4.756000000000313,0,0,1,0,0,0,0,0,0,0,0,0,0,0,0,0,0,0,0,11,9,0 days 00:20:39.865000
654,654,0 days 01:23:43.068000,5.0,0 days 01:21:24.483000,NO_PIT,200.0,181.0,5.0,0 days 01:21:21.296000,4,8.0,15.4,73.0,1009.4,False,18.9,282,4.3,0 days 01:00:08.096000,Melbourne,5.303,58,0.0,0.0,1.0,141.772,61.260000000000105,2.4400000000000546,4.583999999999946,0,0,1,0,0,0,0,0,0,0,0,0,0,0,0,0,0,0,0,12,4,0 days 00:23:34.972000
655,655,0 days 01:26:03.486000,6.0,NO_PIT,NO_PIT,213.0,196.0,6.0,0 days 01:23:43.068000,4,8.0,15.4,73.0,1009.4,False,18.9,282,4.3,0 days 01:00:08.096000,Melbourne,5.303,58,0.0,0.0,1.0,140.418,61.255,3.245999999999981,4.118000000000052,0,0,1,0,0,0,0,0,0,0,0,0,0,0,0,0,0,0,0,12,4,0 days 00:25:55.390000
683,683,0 days 02:10:59.368000,34.0,0 days 02:08:34.670000,NO_PIT,251.0,142.0,1.0,0 days 02:08:32.483000,4,8.0,15.7,77.0,1010.2,False,19.1,229,2.5,0 days 02:00:08.483000,Melbourne,5.303,58,3.0,0.0,0.0,146.885,150.15099999999984,2.1709999999998217,3.8830000000002656,0,0,1,0,0,0,0,0,0,0,0,0,0,0,0,0,0,0,0,12,4,0 days 00:10:50.885000
684,684,0 days 02:12:42.769000,35.0,NO_PIT,NO_PIT,257.0,249.0,2.0,0 days 02:10:59.368000,4,8.0,15.7,77.0,1010.2,False,19.1,229,2.5,0 days 02:00:08.483000,Melbourne,5.303,58,3.0,0.0,0.0,103.401,130.10400000000027,2.593000000000302,6.01299999999992,0,0,1,0,0,0,0,0,0,0,0,0,0,0,0,0,0,0,0,12,4,0 days 00:12:34.286000
685,685,0 days 02:14:25.200000,36.0,NO_PIT,NO_PIT,259.0,268.0,3.0,0 days 02:12:42.769000,4,8.0,15.7,77.0,1010.2,False,19.1,229,2.5,0 days 02:00:08.483000,Melbourne,5.303,58,3.0,0.0,0.0,102.431,95.65200000000004,2.2789999999999964,5.201999999999771,0,0,1,0,0,0,0,0,0,0,0,0,0,0,0,0,0,0,0,12,4,0 days 00:14:16.717000
686,686,0 days 02:16:33.279000,37.0,NO_PIT,NO_PIT,219.0,269.0,4.0,0 days 02:14:25.200000,4,8.0,15.7,77.0,1010.2,False,19.1,229,2.5,0 days 02:00:08.483000,Melbourne,5.303,58,3.0,0.0,0.0,128.079,94.8739999999998,3.0720000000001164,4.341000000000349,0,0,1,0,0,0,0,0,0,0,0,0,0,0,0,0,0,0,0,12,4,0 days 00:16:24.796000
687,687,0 days 02:18:51.694000,38.0,NO_PIT,NO_PIT,223.0,249.0,5.0,0 days 02:16:33.279000,4,8.0,15.7,77.0,1010.2,False,19.1,229,2.5,0 days 02:00:08.483000,Melbourne,5.303,58,3.0,0.0,0.0,138.415,95.3789999999999,2.349999999999909,5.302000000000135,0,0,1,0,0,0,0,0,0,0,0,0,0,0,0,0,0,0,0,12,4,0 days 00:18:43.211000
688,688,0 days 02:21:03.779000,39.0,NO_PIT,NO_PIT,224.0,241.0,6.0,0 days 02:18:51.694000,4,8.0,15.7,77.0,1010.2,False,19.1,229,2.5,0 days 02:00:08.483000,Melbourne,5.303,58,3.0,0.0,0.0,132.085,94.75000000000044,2.392000000000735,4.4429999999993015,0,0,1,0,0,0,0,0,0,0,0,0,0,0,0,0,0,0,0,12,4,0 days 00:20:55.296000
743,743,0 days 02:18:35.890000,37.0,NO_PIT,NO_PIT,240.0,195.0,4.0,0 days 02:16:14.969000,4,14.0,15.7,77.0,1010.2,False,19.1,229,2.5,0 days 02:00:08.483000,Melbourne,5.303,58,4.0,0.0,0.0,140.921,224.2159999999999,2.237999999999829,4.191000000000258,0,0,1,0,0,0,0,0,0,0,0,0,0,0,0,0,0,0,0,13,7,0 days 00:18:27.407000
744,744,0 days 02:20:49.264000,38.0,NO_PIT,NO_PIT,237.0,187.0,5.0,0 days 02:18:35.890000,4,14.0,15.7,77.0,1010.2,False,19.1,229,2.5,0 days 02:00:08.483000,Melbourne,5.303,58,4.0,0.0,0.0,133.374,219.67999999999984,2.679000000000088,3.675000000000182,0,0,1,0,0,0,0,0,0,0,0,0,0,0,0,0,0,0,0,13,7,0 days 00:20:40.781000
745,745,0 days 02:22:37.887000,39.0,NO_PIT,NO_PIT,278.0,175.0,6.0,0 days 02:20:49.264000,4,13.0,15.7,77.0,1010.2,False,19.1,229,2.5,0 days 02:00:08.483000,Melbourne,5.303,58,4.0,0.0,0.0,108.623,195.5890000000004,69.15200000000004,5.649999999999636,0,0,1,0,0,0,0,0,0,0,0,0,0,0,0,0,0,0,0,13,7,0 days 00:22:29.404000
746,746,0 days 02:24:10.325000,40.0,NO_PIT,NO_PIT,282.0,241.0,7.0,0 days 02:22:37.887000,4,13.0,15.7,77.0,1010.2,False,19.1,229,2.5,0 days 02:00:08.483000,Melbourne,5.303,58,4.0,0.0,0.0,92.438,156.52899999999954,31.565999999999804,4.262000000000626,0,0,1,0,0,0,0,0,0,0,0,0,0,0,0,0,0,0,0,13,7,0 days 00:24:01.842000
759,759,0 days 01:23:34.018000,5.0,0 days 01:21:14.431000,NO_PIT,250.0,185.0,5.0,0 days 01:21:12.306000,4,4.0,15.4,73.0,1009.4,False,18.9,282,4.3,0 days 01:00:08.096000,Melbourne,5.303,58,0.0,0.0,1.0,141.712,28.244000000000028,13.904999999999973,16.228999999999928,0,0,1,0,0,0,0,0,0,0,0,0,0,0,0,0,0,0,0,16,2,0 days 00:23:25.922000
760,760,0 days 01:25:53.503000,6.0,NO_PIT,NO_PIT,157.0,114.0,6.0,0 days 01:23:34.018000,4,4.0,15.4,73.0,1009.4,False,18.9,282,4.3,0 days 01:00:08.096000,Melbourne,5.303,58,0.0,0.0,1.0,139.485,27.30600000000004,13.517000000000053,15.593999999999935,0,0,1,0,0,0,0,0,0,0,0,0,0,0,0,0,0,0,0,16,2,0 days 00:25:45.407000
789,789,0 days 02:12:08.999000,35.0,0 days 02:10:05.197000,NO_PIT,278.0,159.0,1.0,0 days 02:10:03.018000,4,4.0,15.7,77.0,1010.2,False,19.1,229,2.5,0 days 02:00:08.483000,Melbourne,5.303,58,3.0,0.0,0.0,125.981,72.3680000000004,39.29600000000028,22.31199999999989,0,0,1,0,0,0,0,0,0,0,0,0,0,0,0,0,0,0,0,16,2,0 days 00:12:00.516000
790,790,0 days 02:13:53.905000,36.0,NO_PIT,NO_PIT,284.0,255.0,2.0,0 days 02:12:08.999000,4,4.0,15.7,77.0,1010.2,False,19.1,229,2.5,0 days 02:00:08.483000,Melbourne,5.303,58,3.0,0.0,0.0,104.906,40.39100000000008,26.33100000000013,19.81199999999989,0,0,1,0,0,0,0,0,0,0,0,0,0,0,0,0,0,0,0,16,2,0 days 00:13:45.422000
817,817,0 days 01:23:32.129000,5.0,0 days 01:21:11.064000,NO_PIT,252.0,189.0,5.0,0 days 01:21:08.974000,4,3.0,15.4,73.0,1009.4,False,18.9,282,4.3,0 days 01:00:08.096000,Melbourne,5.303,58,0.0,0.0,1.0,143.155,14.339000000000055,5.206000000000017,13.904999999999973,0,0,1,0,0,0,0,0,0,0,0,0,0,0,0,0,0,0,0,18,9,0 days 00:23:24.033000
818,818,0 days 01:25:52.002000,6.0,NO_PIT,NO_PIT,191.0,132.0,6.0,0 days 01:23:32.129000,4,3.0,15.4,73.0,1009.4,False,18.9,282,4.3,0 days 01:00:08.096000,Melbourne,5.303,58,0.0,0.0,1.0,139.873,13.788999999999987,5.4249999999999545,13.517000000000053,0,0,1,0,0,0,0,0,0,0,0,0,0,0,0,0,0,0,0,18,9,0 days 00:25:43.906000
847,847,0 days 02:11:28.378000,35.0,0 days 02:09:26.718000,NO_PIT,280.0,170.0,1.0,0 days 02:09:24.597000,4,2.0,15.7,77.0,1010.2,False,19.1,229,2.5,0 days 02:00:08.483000,Melbourne,5.303,58,3.0,0.0,0.0,123.781,19.731000000000225,19.731000000000225,13.340999999999894,0,0,1,0,0,0,0,0,0,0,0,0,0,0,0,0,0,0,0,18,9,0 days 00:11:19.895000
852,852,0 days 02:23:04.980000,40.0,NO_PIT,NO_PIT,262.0,243.0,6.0,0 days 02:20:51.964000,4,4.0,15.7,77.0,1010.2,False,19.1,229,2.5,0 days 02:00:08.483000,Melbourne,5.303,58,3.0,0.0,0.0,133.016,19.980999999999767,3.238999999999578,60.64900000000034,0,0,1,0,0,0,0,0,0,0,0,0,0,0,0,0,0,0,0,18,9,0 days 00:22:56.497000
859,859,0 days 02:36:46.791000,47.0,NO_PIT,NO_PIT,276.0,177.0,47.0,0 days 02:34:46.621000,4,3.0,15.7,77.0,1010.2,False,19.1,229,2.5,0 days 02:00:08.483000,Melbourne,5.303,58,0.0,0.0,1.0,120.17,14.092999999999847,10.831999999999423,2.1599999999998545,0,0,1,0,0,0,0,0,0,0,0,0,0,0,0,0,0,0,0,18,9,0 days 00:36:38.308000
874,874,0 days 01:23:56.338000,5.0,0 days 01:21:52.962000,NO_PIT,137.0,179.0,5.0,0 days 01:21:50.926000,4,16.0,15.4,73.0,1009.4,False,18.9,282,4.3,0 days 01:00:08.096000,Melbourne,5.303,58,0.0,0.0,1.0,125.412,111.0200000000001,8.496000000000095,3.408999999999878,0,0,1,0,0,0,0,0,0,0,0,0,0,0,0,0,0,0,0,19,8,0 days 00:23:48.242000
875,875,0 days 01:26:18.413000,6.0,NO_PIT,NO_PIT,170.0,161.0,6.0,0 days 01:23:56.338000,4,16.0,15.4,73.0,1009.4,False,18.9,282,4.3,0 days 01:00:08.096000,Melbourne,5.303,58,0.0,0.0,1.0,142.075,112.67200000000004,9.595000000000027,2.942999999999984,0,0,1,0,0,0,0,0,0,0,0,0,0,0,0,0,0,0,0,19,8,0 days 00:26:10.317000
903,903,0 days 02:11:29.516000,34.0,NO_PIT,NO_PIT,256.0,195.0,34.0,0 days 02:09:28.870000,4,15.0,15.7,77.0,1010.2,False,19.1,229,2.5,0 days 02:00:08.483000,Melbourne,5.303,58,0.0,0.0,1.0,120.646,216.7890000000002,8.598000000000411,7.194999999999709,0,0,1,0,0,0,0,0,0,0,0,0,0,0,0,0,0,0,0,19,8,0 days 00:11:21.033000
904,904,0 days 02:13:40.583000,35.0,NO_PIT,NO_PIT,138.0,202.0,35.0,0 days 02:11:29.516000,4,15.0,15.7,77.0,1010.2,False,19.1,229,2.5,0 days 02:00:08.483000,Melbourne,5.303,58,0.0,0.0,1.0,131.067,224.4080000000004,7.519000000000233,4.837999999999738,0,0,1,0,0,0,0,0,0,0,0,0,0,0,0,0,0,0,0,19,8,0 days 00:13:32.100000
905,905,0 days 02:16:21.206000,36.0,NO_PIT,NO_PIT,222.0,157.0,36.0,0 days 02:13:40.583000,4,15.0,15.7,77.0,1010.2,False,19.1,229,2.5,0 days 02:00:08.483000,Melbourne,5.303,58,0.0,0.0,1.0,131.067,218.5920000000001,6.440000000000509,2.480999999999767,0,0,1,0,0,0,0,0,0,0,0,0,0,0,0,0,0,0,0,19,8,0 days 00:16:12.723000
907,907,0 days 02:20:52.736000,38.0,NO_PIT,NO_PIT,221.0,205.0,38.0,0 days 02:18:39.878000,4,15.0,15.7,77.0,1010.2,False,19.1,229,2.5,0 days 02:00:08.483000,Melbourne,5.303,58,0.0,0.0,1.0,132.858,223.355,3.675000000000182,2.0640000000003056,0,0,1,0,0,0,0,0,0,0,0,0,0,0,0,0,0,0,0,19,8,0 days 00:20:44.253000
4231,4231,0 days 01:01:51.096000,2.0,NO_PIT,NO_PIT,238.0,271.0,2.0,0 days 00:59:06.568000,4,5.0,28.6,69.0,1006.5,False,38.4,274,0.8,0 days 01:00:02.482000,Jeddah,6.174,50,2.0,0.0,0.0,129.232,12.03,2.734000000000009,6.4839999999999804,0,0,1,0,0,0,0,0,0,0,0,0,0,0,0,0,0,0,0,2,2,0 days 00:01:48.614000
4381,4381,0 days 01:02:03.415000,2.0,NO_PIT,NO_PIT,281.0,148.0,2.0,0 days 00:59:23.238000,4,14.0,28.6,69.0,1006.5,False,38.4,274,0.8,0 days 01:00:02.482000,Jeddah,6.174,50,1.0,0.0,0.0,145.831,45.22799999999998,3.382000000000005,2.636000000000024,0,0,1,0,0,0,0,0,0,0,0,0,0,0,0,0,0,0,0,5,3,0 days 00:02:00.933000
4481,4481,0 days 01:02:05.846000,2.0,NO_PIT,NO_PIT,264.0,223.0,2.0,0 days 00:59:24.417000,4,15.0,28.6,69.0,1006.5,False,38.4,274,0.8,0 days 01:00:02.482000,Jeddah,6.174,50,1.0,0.0,0.0,147.149,47.864,2.636000000000024,2.4680000000000177,0,0,1,0,0,0,0,0,0,0,0,0,0,0,0,0,0,0,0,8,7,0 days 00:02:03.364000
4530,4530,0 days 01:02:01.727000,2.0,NO_PIT,NO_PIT,217.0,218.0,2.0,0 days 00:59:20.269000,4,12.0,28.6,69.0,1006.5,False,38.4,274,0.8,0 days 01:00:02.482000,Jeddah,6.174,50,2.0,0.0,0.0,143.086,39.73800000000003,4.132000000000005,2.1079999999999472,0,0,1,0,0,0,0,0,0,0,0,0,0,0,0,0,0,0,0,9,5,0 days 00:01:59.245000
4630,4630,0 days 01:01:55.929000,2.0,NO_PIT,NO_PIT,280.0,257.0,2.0,0 days 00:59:13.410000,4,8.0,28.6,69.0,1006.5,False,38.4,274,0.8,0 days 01:00:02.482000,Jeddah,6.174,50,1.0,0.0,0.0,136.024,25.614000000000004,5.137999999999977,2.533999999999992,0,0,1,0,0,0,0,0,0,0,0,0,0,0,0,0,0,0,0,11,9,0 days 00:01:53.447000
4829,4829,0 days 01:02:00.142000,2.0,NO_PIT,NO_PIT,240.0,215.0,2.0,0 days 00:59:18.265000,4,11.0,28.6,69.0,1006.5,False,38.4,274,0.8,0 days 01:00:02.482000,Jeddah,6.174,50,1.0,0.0,0.0,141.02,35.60600000000002,5.784000000000049,4.132000000000005,0,0,1,0,0,0,0,0,0,0,0,0,0,0,0,0,0,0,0,15,5,0 days 00:01:57.660000
4929,4929,0 days 01:02:06.948000,2.0,0 days 00:59:45.200000,NO_PIT,270.0,169.0,1.0,0 days 00:59:25.565000,4,16.0,28.6,69.0,1006.5,False,38.4,274,0.8,0 days 01:00:02.482000,Jeddah,6.174,50,1.0,0.0,0.0,148.383,50.33200000000002,2.4680000000000177,2.0499999999999545,0,0,1,0,0,0,0,0,0,0,0,0,0,0,0,0,0,0,0,17,1,0 days 00:02:04.466000
4978,4978,0 days 01:01:46.365000,2.0,NO_PIT,NO_PIT,269.0,226.0,2.0,0 days 00:59:02.420000,4,2.0,28.6,69.0,1006.5,False,38.4,274,0.8,0 days 01:00:02.482000,Jeddah,6.174,50,2.0,0.0,0.0,124.986,3.538000000000011,3.538000000000011,4.329999999999984,0,0,1,0,0,0,0,0,0,0,0,0,0,0,0,0,0,0,0,18,9,0 days 00:01:43.883000
5028,5028,0 days 01:02:02.251000,2.0,NO_PIT,NO_PIT,236.0,200.0,2.0,0 days 00:59:21.423000,4,13.0,28.6,69.0,1006.5,False,38.4,274,0.8,0 days 01:00:02.482000,Jeddah,6.174,50,2.0,0.0,0.0,144.14,41.845999999999975,2.1079999999999472,3.382000000000005,0,0,1,0,0,0,0,0,0,0,0,0,0,0,0,0,0,0,0,19,8,0 days 00:01:59.769000
6192,6192,0 days 02:04:36.419000,48.0,NO_PIT,NO_PIT,273.0,266.0,39.0,0 days 02:02:57.131000,4,12.0,24.1,38.0,1009.7,False,39.4,291,4.1,0 days 02:00:35.125000,Imola,4.909,63,4.0,0.0,0.0,99.288,36.62299999999959,3.2659999999996217,5.190000000000509,0,0,1,0,0,0,0,0,0,0,0,0,0,0,0,0,0,0,0,1,1,0 days 00:04:01.294000
6299,6299,0 days 02:03:18.906000,47.0,0 days 02:01:43.760000,NO_PIT,273.0,296.0,47.0,0 days 02:01:17.227000,4,14.0,24.1,38.0,1009.7,False,39.4,291,4.1,0 days 02:00:35.125000,Imola,4.909,63,5.0,0.0,0.0,121.679,91.6590000000001,13.379999999999654,5.113000000000284,0,0,1,0,0,0,0,0,0,0,0,0,0,0,0,0,0,0,0,3,3,0 days 00:02:43.781000
6301,6301,0 days 02:06:27.070000,49.0,NO_PIT,NO_PIT,273.0,298.0,49.0,0 days 02:04:54.810000,4,14.0,24.1,38.0,1009.7,False,39.4,291,4.1,0 days 02:00:35.125000,Imola,4.909,63,5.0,0.0,0.0,92.26,21.841999999999643,3.951000000000022,2.030999999999949,0,0,1,0,0,0,0,0,0,0,0,0,0,0,0,0,0,0,0,3,3,0 days 00:05:51.945000
6362,6362,0 days 02:02:23.618000,47.0,NO_PIT,NO_PIT,231.0,178.0,37.0,0 days 02:00:30.609000,4,5.0,24.1,38.0,1009.7,False,39.4,291,4.1,0 days 02:00:35.125000,Imola,4.909,63,4.0,0.0,0.0,113.009,36.371000000000095,6.474999999999909,16.863000000000284,0,0,1,0,0,0,0,0,0,0,0,0,0,0,0,0,0,0,0,4,4,0 days 00:01:48.493000
6425,6425,0 days 02:03:24.019000,47.0,0 days 02:01:50.846000,NO_PIT,276.0,216.0,47.0,0 days 02:01:20.690000,4,15.0,24.1,38.0,1009.7,False,39.4,291,4.1,0 days 02:00:35.125000,Imola,4.909,63,5.0,0.0,0.0,123.329,96.7720000000004,5.113000000000284,2.5279999999997926,0,0,1,0,0,0,0,0,0,0,0,0,0,0,0,0,0,0,0,5,3,0 days 00:02:48.894000
6427,6427,0 days 02:06:29.101000,49.0,NO_PIT,NO_PIT,276.0,250.0,49.0,0 days 02:04:56.417000,4,15.0,24.1,38.0,1009.7,False,39.4,291,4.1,0 days 02:00:35.125000,Imola,4.909,63,5.0,0.0,0.0,92.684,23.8729999999996,2.030999999999949,2.4060000000008586,0,0,1,0,0,0,0,0,0,0,0,0,0,0,0,0,0,0,0,5,3,0 days 00:05:53.976000
6487,6487,0 days 02:01:08.841000,46.0,NO_PIT,NO_PIT,233.0,145.0,17.0,0 days 01:59:18.246000,4,11.0,24.1,38.0,1009.7,False,39.4,291,4.1,0 days 02:00:35.125000,Imola,4.909,63,5.0,0.0,0.0,110.595,96.59799999999996,2.7979999999997744,8.386000000000422,0,0,1,0,0,0,0,0,0,0,0,0,0,0,0,0,0,0,0,6,0,0 days 00:00:33.716000
6552,6552,0 days 02:04:18.490000,48.0,0 days 02:02:42.564000,NO_PIT,246.0,285.0,19.0,0 days 02:02:17.143000,4,5.0,24.1,38.0,1009.7,False,39.4,291,4.1,0 days 02:00:35.125000,Imola,4.909,63,4.0,0.0,0.0,121.347,18.693999999999505,11.604999999999563,2.128000000000611,0,0,1,0,0,0,0,0,0,0,0,0,0,0,0,0,0,0,0,7,6,0 days 00:03:43.365000
6613,6613,0 days 02:01:06.043000,46.0,NO_PIT,NO_PIT,235.0,171.0,17.0,0 days 01:59:14.994000,4,10.0,24.1,38.0,1009.7,False,39.4,291,4.1,0 days 02:00:35.125000,Imola,4.909,63,5.0,0.0,0.0,111.049,93.80000000000018,8.066000000000258,2.7979999999997744,0,0,1,0,0,0,0,0,0,0,0,0,0,0,0,0,0,0,0,8,7,0 days 00:00:30.918000
6677,6677,0 days 02:03:05.526000,47.0,NO_PIT,NO_PIT,251.0,275.0,37.0,0 days 02:01:25.497000,4,13.0,24.1,38.0,1009.7,False,39.4,291,4.1,0 days 02:00:35.125000,Imola,4.909,63,4.0,0.0,0.0,100.029,78.27900000000045,8.395000000000437,13.379999999999654,0,0,1,0,0,0,0,0,0,0,0,0,0,0,0,0,0,0,0,9,5,0 days 00:02:30.401000
6678,6678,0 days 02:04:41.609000,48.0,NO_PIT,NO_PIT,253.0,251.0,38.0,0 days 02:03:05.526000,4,13.0,24.1,38.0,1009.7,False,39.4,291,4.1,0 days 02:00:35.125000,Imola,4.909,63,4.0,0.0,0.0,96.083,41.8130000000001,5.190000000000509,13.201000000000022,0,0,1,0,0,0,0,0,0,0,0,0,0,0,0,0,0,0,0,9,5,0 days 00:04:06.484000
6768,6768,0 days 02:02:13.289000,47.0,0 days 02:00:26.146000,NO_PIT,212.0,258.0,19.0,0 days 01:59:58.742000,4,3.0,24.1,38.0,1009.7,False,39.4,291,4.1,0 days 02:00:35.125000,Imola,4.909,63,4.0,0.0,0.0,134.547,26.04200000000037,7.075000000000273,3.853999999999816,0,0,1,0,0,0,0,0,0,0,0,0,0,0,0,0,0,0,0,11,9,0 days 00:01:38.164000
6831,6831,0 days 02:03:26.547000,47.0,0 days 02:01:54.127000,NO_PIT,269.0,284.0,25.0,0 days 02:01:27.373000,4,16.0,24.1,38.0,1009.7,False,39.4,291,4.1,0 days 02:00:35.125000,Imola,4.909,63,4.0,0.0,0.0,119.174,99.30000000000018,2.5279999999997926,2.22400000000016,0,0,1,0,0,0,0,0,0,0,0,0,0,0,0,0,0,0,0,20,1,0 days 00:02:51.422000
6832,6832,0 days 02:04:58.525000,48.0,NO_PIT,NO_PIT,268.0,286.0,26.0,0 days 02:03:26.547000,4,16.0,24.1,38.0,1009.7,False,39.4,291,4.1,0 days 02:00:35.125000,Imola,4.909,63,4.0,0.0,0.0,91.978,58.72899999999936,2.107999999999265,2.3479999999999563,0,0,1,0,0,0,0,0,0,0,0,0,0,0,0,0,0,0,0,20,1,0 days 00:04:23.400000
6895,6895,0 days 02:04:23.137000,48.0,NO_PIT,NO_PIT,247.0,229.0,48.0,0 days 02:02:43.539000,4,7.0,24.1,38.0,1009.7,False,39.4,291,4.1,0 days 02:00:35.125000,Imola,4.909,63,4.0,0.0,0.0,99.598,23.34099999999944,2.518999999999324,3.0080000000007203,0,0,1,0,0,0,0,0,0,0,0,0,0,0,0,0,0,0,0,12,4,0 days 00:03:48.012000
6957,6957,0 days 02:03:28.771000,47.0,0 days 02:01:56.828000,NO_PIT,265.0,258.0,47.0,0 days 02:01:31.345000,4,17.0,24.1,38.0,1009.7,False,39.4,291,4.1,0 days 02:00:35.125000,Imola,4.909,63,5.0,0.0,0.0,117.426,101.52400000000034,2.22400000000016,32.414999999999964,0,0,1,0,0,0,0,0,0,0,0,0,0,0,0,0,0,0,0,13,7,0 days 00:02:53.646000
6958,6958,0 days 02:05:00.873000,48.0,NO_PIT,NO_PIT,275.0,276.0,48.0,0 days 02:03:28.771000,4,17.0,24.1,38.0,1009.7,False,39.4,291,4.1,0 days 02:00:35.125000,Imola,4.909,63,5.0,0.0,0.0,92.102,61.07699999999932,2.3479999999999563,65.68000000000029,0,0,1,0,0,0,0,0,0,0,0,0,0,0,0,0,0,0,0,13,7,0 days 00:04:25.748000
7019,7019,0 days 02:00:57.977000,46.0,NO_PIT,NO_PIT,265.0,205.0,35.0,0 days 01:59:08.023000,4,9.0,24.1,38.0,1009.7,False,39.4,291,4.1,0 days 02:00:35.125000,Imola,4.909,63,4.0,0.0,0.0,109.954,85.73399999999992,10.183999999999742,8.066000000000258,0,0,1,0,0,0,0,0,0,0,0,0,0,0,0,0,0,0,0,14,6,0 days 00:00:22.852000
7021,7021,0 days 02:04:26.145000,48.0,NO_PIT,NO_PIT,255.0,286.0,37.0,0 days 02:02:43.865000,4,8.0,24.1,38.0,1009.7,False,39.4,291,4.1,0 days 02:00:35.125000,Imola,4.909,63,4.0,0.0,0.0,102.28,26.34900000000016,3.0080000000007203,4.331999999999425,0,0,1,0,0,0,0,0,0,0,0,0,0,0,0,0,0,0,0,14,6,0 days 00:03:51.020000
7145,7145,0 days 02:00:47.793000,46.0,NO_PIT,NO_PIT,232.0,214.0,35.0,0 days 01:58:54.056000,4,8.0,24.1,38.0,1009.7,False,39.4,291,4.1,0 days 02:00:35.125000,Imola,4.909,63,4.0,0.0,0.0,113.737,75.55000000000018,5.675999999999931,10.183999999999742,0,0,1,0,0,0,0,0,0,0,0,0,0,0,0,0,0,0,0,16,2,0 days 00:00:12.668000
7146,7146,0 days 02:02:40.481000,47.0,NO_PIT,NO_PIT,256.0,189.0,36.0,0 days 02:00:47.793000,4,6.0,24.1,38.0,1009.7,False,39.4,291,4.1,0 days 02:00:35.125000,Imola,4.909,63,4.0,0.0,0.0,112.688,53.23400000000038,16.863000000000284,3.0579999999999927,0,0,1,0,0,0,0,0,0,0,0,0,0,0,0,0,0,0,0,16,2,0 days 00:02:05.356000
7147,7147,0 days 02:04:20.618000,48.0,NO_PIT,NO_PIT,255.0,288.0,37.0,0 days 02:02:40.481000,4,6.0,24.1,38.0,1009.7,False,39.4,291,4.1,0 days 02:00:35.125000,Imola,4.909,63,4.0,0.0,0.0,100.137,20.82200000000012,2.128000000000611,2.518999999999324,0,0,1,0,0,0,0,0,0,0,0,0,0,0,0,0,0,0,0,16,2,0 days 00:03:45.493000
7209,7209,0 days 02:02:06.214000,47.0,NO_PIT,NO_PIT,224.0,279.0,34.0,0 days 02:00:13.390000,4,2.0,24.1,38.0,1009.7,False,39.4,291,4.1,0 days 02:00:35.125000,Imola,4.909,63,4.0,0.0,0.0,112.824,18.9670000000001,18.9670000000001,7.075000000000273,0,0,1,0,0,0,0,0,0,0,0,0,0,0,0,0,0,0,0,18,9,0 days 00:01:31.089000
7210,7210,0 days 02:04:02.955000,48.0,NO_PIT,NO_PIT,220.0,193.0,35.0,0 days 02:02:06.214000,4,2.0,24.1,38.0,1009.7,False,39.4,291,4.1,0 days 02:00:35.125000,Imola,4.909,63,4.0,0.0,0.0,116.741,3.1589999999996508,3.1589999999996508,2.5329999999999018,0,0,1,0,0,0,0,0,0,0,0,0,0,0,0,0,0,0,0,18,9,0 days 00:03:27.830000
